{"data":{"Year":[2000,2001,2002,2003,2004,2005,2006,2007,2008,2009],"Value":[99.96678109,99.96677778,99.96677942,99.96677942,99.96861274,99.97044444,99.97228099,99.97411111,99.97594602,99.97777933]},"edges":[]}