Year,Value
2010,5.5
2011,4.9
2012,4.8
2013,4.930792
2014,4.66982
2015,4.063646
