{"Year":[2010,2011,2012,2013,2014,2015],"Value":[5.5,4.9,4.8,4.930792,4.66982,4.063646]}